Nombre,Apellido,Tipo,Documento,Sexo,Estado civil,Nacimiento,Pais,Email_1,Email_2,Institucion,Legajo,Titulo,Ingreso,Egreso
Victoria,deBary,DNI,33877760,Femenino,Soltero/a,1988-05-26,Argentina,vickydebary@hotmail.com,,Universidad Austral,FI08D004,Ingenieria Industrial,2008-02-21,2014-02-21
María Cecilia,De Ieso,DNI,30910406,Femenino,Soltero/a,1984-05-05,Argentina,cecilia.deieso@gmail.com,,Universidad Austral,FI03D012,Ingenieria Industrial,2006-09-11,2010-06-22
Damián,Casasnovas,DNI,29239295,Masculino,Soltero/a,1982-01-24,Argentina,666inside@gmail.com,,Universidad Austral,FI02C020,Ingenieria Informatica,2010-10-25,
Pablo Damián,Sagarna,DNI,27746915,Masculino,Soltero/a,1979-11-16,Argentina,psagarna@gmail.com,,Universidad Austral,FI98S001,Ingenieria Informatica,1998-03-01,2013-07-05
Emilio,Lopez Gabeiras,DNI,11111111,Masculino,Soltero/a,1961-05-05,Argentina,emilio.lg@austral.edu.ar,,Universidad Austral,FI005A512,Fundador,1983-05-05,
Ignacio,Cassol,DNI,23452345,Masculino,Soltero/a,1975-10-29,Argentina,icassol@gmail.com,,Universidad Austral,FI52L022,Director de Carrera,2010-01-01,
Gino,Tubaro,DNI,,Masculino,Soltero/a,1995-10-06,Argentina,gino@atomiclab.org,,Atomic Lab,ATOML0001,Fundador,2014-01-01,
